ISO3Code,UNCode,OfficialName,UNICEFReportRegion1,UNICEFReportRegion2,SDGSimpleRegion1,SDGSimpleRegion2,SDGSimpleRegion5,M49Region1,M49Region2,M49Region3,WBRegion4,UNICEFRegion,SDGRegion,M49Region,SDGRegionrev1,SDGRegionrev2,GBDRegion1,GBDRegion,sdg,unicef,gbd,m49,wb,sdg.rev1,sdg.rev2
AFG,4,Afghanistan,South Asia,,Central Asia and Southern Asia,Southern Asia,,Asia,Southern Asia,,Low income,South Asia,Central Asia and Southern Asia,Asia,Southern Asia,Southern Asia,North Africa and Middle East,North Africa and Middle East,1,1,1,1,1,1,1
AGO,24,Angola,Sub-Saharan Africa,Eastern and Southern Africa,Sub-Saharan Africa,,,Africa,Middle Africa,,Lower middle income,Eastern and Southern Africa,Sub-Saharan Africa,Africa,Sub-Saharan Africa,Sub-Saharan Africa,Central Sub-Saharan Africa,Sub-Saharan Africa,2,2,2,2,2,2,2
ALB,8,Albania,Europe and Central Asia,Eastern Europe and Central Asia,Northern America and Europe,Europe,"North America, Europe, Australia and New Zealand",Europe,Southern Europe,,Upper middle income,Eastern Europe and Central Asia,Northern America and Europe,Europe,"Northern America, Australia and New Zealand, Central Asia and Europe","Northern America, Central Asia and Europe",Central Europe,"Central Europe, Eastern Europe,Central Asia",3,3,3,3,3,3,3
AND,20,Andorra,Europe and Central Asia,Western Europe,Northern America and Europe,Europe,"North America, Europe, Australia and New Zealand",Europe,Southern Europe,,High income,Western Europe,Northern America and Europe,Europe,"Northern America, Australia and New Zealand, Central Asia and Europe","Northern America, Central Asia and Europe",Western Europe,High income,3,4,4,3,4,3,3
ARE,784,United Arab Emirates,Middle East and North Africa,,Western Asia and Northern Africa,Western Asia,,Asia,Western Asia,,High income,Middle East and North Africa,Western Asia and Northern Africa,Asia,Western Asia and Northern Africa,Western Asia and Northern Africa,North Africa and Middle East,North Africa and Middle East,4,5,1,1,4,4,4
ARG,32,Argentina,Latin America and Caribbean,,Latin America and the Caribbean,,,Americas,Latin America and the Caribbean,South America,Upper middle income,Latin America and Caribbean,Latin America and the Caribbean,Latin America and the Caribbean,Latin America and the Caribbean,Latin America and the Caribbean,Southern Latin America,High income,5,6,4,4,3,5,5
ARM,51,Armenia,Europe and Central Asia,Eastern Europe and Central Asia,Western Asia and Northern Africa,Western Asia,,Asia,Western Asia,,Upper middle income,Eastern Europe and Central Asia,Western Asia and Northern Africa,Asia,Western Asia and Northern Africa,Western Asia and Northern Africa,Central Asia,"Central Europe, Eastern Europe,Central Asia",4,3,3,1,3,4,4
ATG,28,Antigua and Barbuda,Latin America and Caribbean,,Latin America and the Caribbean,,,Americas,Latin America and the Caribbean,Caribbean,High income,Latin America and Caribbean,Latin America and the Caribbean,Latin America and the Caribbean,Latin America and the Caribbean,Latin America and the Caribbean,Caribbean,Latin America & Caribbean,5,6,5,4,4,5,5
AUS,36,Australia,East Asia and Pacific,,Oceania,Australia and New Zealand,"North America, Europe, Australia and New Zealand",Oceania,Australia and New Zealand,,High income,East Asia and Pacific,Australia and New Zealand,Oceania,"Northern America, Australia and New Zealand, Central Asia and Europe",Oceania,Australasia,High income,6,7,4,5,4,3,6
AUT,40,Austria,Europe and Central Asia,Western Europe,Northern America and Europe,Europe,"North America, Europe, Australia and New Zealand",Europe,Western Europe,,High income,Western Europe,Northern America and Europe,Europe,"Northern America, Australia and New Zealand, Central Asia and Europe","Northern America, Central Asia and Europe",Western Europe,High income,3,4,4,3,4,3,3
AZE,31,Azerbaijan,Europe and Central Asia,Eastern Europe and Central Asia,Western Asia and Northern Africa,Western Asia,,Asia,Western Asia,,Upper middle income,Eastern Europe and Central Asia,Western Asia and Northern Africa,Asia,Western Asia and Northern Africa,Western Asia and Northern Africa,Central Asia,"Central Europe, Eastern Europe,Central Asia",4,3,3,1,3,4,4
BDI,108,Burundi,Sub-Saharan Africa,Eastern and Southern Africa,Sub-Saharan Africa,,,Africa,Eastern Africa,,Low income,Eastern and Southern Africa,Sub-Saharan Africa,Africa,Sub-Saharan Africa,Sub-Saharan Africa,Eastern Sub-Saharan Africa,Sub-Saharan Africa,2,2,2,2,1,2,2
BEL,56,Belgium,Europe and Central Asia,Western Europe,Northern America and Europe,Europe,"North America, Europe, Australia and New Zealand",Europe,Western Europe,,High income,Western Europe,Northern America and Europe,Europe,"Northern America, Australia and New Zealand, Central Asia and Europe","Northern America, Central Asia and Europe",Western Europe,High income,3,4,4,3,4,3,3
BEN,204,Benin,Sub-Saharan Africa,West and Central Africa,Sub-Saharan Africa,,,Africa,Western Africa,,Low income,West and Central Africa,Sub-Saharan Africa,Africa,Sub-Saharan Africa,Sub-Saharan Africa,Western Sub-Saharan Africa,Sub-Saharan Africa,2,8,2,2,1,2,2
BFA,854,Burkina Faso,Sub-Saharan Africa,West and Central Africa,Sub-Saharan Africa,,,Africa,Western Africa,,Low income,West and Central Africa,Sub-Saharan Africa,Africa,Sub-Saharan Africa,Sub-Saharan Africa,Western Sub-Saharan Africa,Sub-Saharan Africa,2,8,2,2,1,2,2
BGD,50,Bangladesh,South Asia,,Central Asia and Southern Asia,Southern Asia,,Asia,Southern Asia,,Lower middle income,South Asia,Central Asia and Southern Asia,Asia,Southern Asia,Southern Asia,South Asia,South Asia,1,1,6,1,2,1,1
BGR,100,Bulgaria,Europe and Central Asia,Eastern Europe and Central Asia,Northern America and Europe,Europe,"North America, Europe, Australia and New Zealand",Europe,Eastern Europe,,Upper middle income,Eastern Europe and Central Asia,Northern America and Europe,Europe,"Northern America, Australia and New Zealand, Central Asia and Europe","Northern America, Central Asia and Europe",Central Europe,"Central Europe, Eastern Europe,Central Asia",3,3,3,3,3,3,3
BHR,48,Bahrain,Middle East and North Africa,,Western Asia and Northern Africa,Western Asia,,Asia,Western Asia,,High income,Middle East and North Africa,Western Asia and Northern Africa,Asia,Western Asia and Northern Africa,Western Asia and Northern Africa,North Africa and Middle East,North Africa and Middle East,4,5,1,1,4,4,4
BHS,44,Bahamas,Latin America and Caribbean,,Latin America and the Caribbean,,,Americas,Latin America and the Caribbean,Caribbean,High income,Latin America and Caribbean,Latin America and the Caribbean,Latin America and the Caribbean,Latin America and the Caribbean,Latin America and the Caribbean,Caribbean,Latin America & Caribbean,5,6,5,4,4,5,5
BIH,70,Bosnia and Herzegovina,Europe and Central Asia,Eastern Europe and Central Asia,Northern America and Europe,Europe,"North America, Europe, Australia and New Zealand",Europe,Southern Europe,,Upper middle income,Eastern Europe and Central Asia,Northern America and Europe,Europe,"Northern America, Australia and New Zealand, Central Asia and Europe","Northern America, Central Asia and Europe",Central Europe,"Central Europe, Eastern Europe,Central Asia",3,3,3,3,3,3,3
BLR,112,Belarus,Europe and Central Asia,Eastern Europe and Central Asia,Northern America and Europe,Europe,"North America, Europe, Australia and New Zealand",Europe,Eastern Europe,,Upper middle income,Eastern Europe and Central Asia,Northern America and Europe,Europe,"Northern America, Australia and New Zealand, Central Asia and Europe","Northern America, Central Asia and Europe",Eastern Europe,"Central Europe, Eastern Europe,Central Asia",3,3,3,3,3,3,3
BLZ,84,Belize,Latin America and Caribbean,,Latin America and the Caribbean,,,Americas,Latin America and the Caribbean,Central America,Upper middle income,Latin America and Caribbean,Latin America and the Caribbean,Latin America and the Caribbean,Latin America and the Caribbean,Latin America and the Caribbean,Caribbean,Latin America & Caribbean,5,6,5,4,3,5,5
BOL,68,Bolivia (Plurinational State of),Latin America and Caribbean,,Latin America and the Caribbean,,,Americas,Latin America and the Caribbean,South America,Lower middle income,Latin America and Caribbean,Latin America and the Caribbean,Latin America and the Caribbean,Latin America and the Caribbean,Latin America and the Caribbean,Andean Latin America,Latin America & Caribbean,5,6,5,4,2,5,5
BRA,76,Brazil,Latin America and Caribbean,,Latin America and the Caribbean,,,Americas,Latin America and the Caribbean,South America,Upper middle income,Latin America and Caribbean,Latin America and the Caribbean,Latin America and the Caribbean,Latin America and the Caribbean,Latin America and the Caribbean,Tropical Latin America,Latin America & Caribbean,5,6,5,4,3,5,5
BRB,52,Barbados,Latin America and Caribbean,,Latin America and the Caribbean,,,Americas,Latin America and the Caribbean,Caribbean,High income,Latin America and Caribbean,Latin America and the Caribbean,Latin America and the Caribbean,Latin America and the Caribbean,Latin America and the Caribbean,Caribbean,Latin America & Caribbean,5,6,5,4,4,5,5
BRN,96,Brunei Darussalam,East Asia and Pacific,,Eastern Asia and South-eastern Asia,South-eastern Asia,South Eastern Asia and Oceania (excl. Australia and New Zealand),Asia,South-Eastern Asia,,High income,East Asia and Pacific,Eastern Asia and South-eastern Asia,Asia,"Eastern Asia, South Eastern Asia and Oceania (excl. Australia and New Zealand)",Eastern Asia and South-eastern Asia,High-income Asia Pacific,High income,7,7,4,1,4,6,7
BTN,64,Bhutan,South Asia,,Central Asia and Southern Asia,Southern Asia,,Asia,Southern Asia,,Lower middle income,South Asia,Central Asia and Southern Asia,Asia,Southern Asia,Southern Asia,South Asia,South Asia,1,1,6,1,2,1,1
BWA,72,Botswana,Sub-Saharan Africa,Eastern and Southern Africa,Sub-Saharan Africa,,,Africa,Southern Africa,,Upper middle income,Eastern and Southern Africa,Sub-Saharan Africa,Africa,Sub-Saharan Africa,Sub-Saharan Africa,Southern Sub-Saharan Africa,Sub-Saharan Africa,2,2,2,2,3,2,2
CAF,140,Central African Republic,Sub-Saharan Africa,West and Central Africa,Sub-Saharan Africa,,,Africa,Middle Africa,,Low income,West and Central Africa,Sub-Saharan Africa,Africa,Sub-Saharan Africa,Sub-Saharan Africa,Central Sub-Saharan Africa,Sub-Saharan Africa,2,8,2,2,1,2,2
CAN,124,Canada,North America,,Northern America and Europe,Northern America,"North America, Europe, Australia and New Zealand",Americas,Northern America,,High income,North America,Northern America and Europe,Northern America,"Northern America, Australia and New Zealand, Central Asia and Europe","Northern America, Central Asia and Europe",High-income North America,High income,3,9,4,6,4,3,3
CHE,756,Switzerland,Europe and Central Asia,Western Europe,Northern America and Europe,Europe,"North America, Europe, Australia and New Zealand",Europe,Western Europe,,High income,Western Europe,Northern America and Europe,Europe,"Northern America, Australia and New Zealand, Central Asia and Europe","Northern America, Central Asia and Europe",Western Europe,High income,3,4,4,3,4,3,3
CHL,152,Chile,Latin America and Caribbean,,Latin America and the Caribbean,,,Americas,Latin America and the Caribbean,South America,High income,Latin America and Caribbean,Latin America and the Caribbean,Latin America and the Caribbean,Latin America and the Caribbean,Latin America and the Caribbean,Southern Latin America,High income,5,6,4,4,4,5,5
CHN,156,China,East Asia and Pacific,,Eastern Asia and South-eastern Asia,Eastern Asia,,Asia,Eastern Asia,,Upper middle income,East Asia and Pacific,Eastern Asia and South-eastern Asia,Asia,"Eastern Asia, South Eastern Asia and Oceania (excl. Australia and New Zealand)",Eastern Asia and South-eastern Asia,East Asia,"Southeast Asia, East Asia, Oceania",7,7,7,1,3,6,7
CIV,384,Cote d'Ivoire,Sub-Saharan Africa,West and Central Africa,Sub-Saharan Africa,,,Africa,Western Africa,,Lower middle income,West and Central Africa,Sub-Saharan Africa,Africa,Sub-Saharan Africa,Sub-Saharan Africa,Western Sub-Saharan Africa,Sub-Saharan Africa,2,8,2,2,2,2,2
CMR,120,Cameroon,Sub-Saharan Africa,West and Central Africa,Sub-Saharan Africa,,,Africa,Middle Africa,,Lower middle income,West and Central Africa,Sub-Saharan Africa,Africa,Sub-Saharan Africa,Sub-Saharan Africa,Western Sub-Saharan Africa,Sub-Saharan Africa,2,8,2,2,2,2,2
COD,180,Democratic Republic of the Congo,Sub-Saharan Africa,West and Central Africa,Sub-Saharan Africa,,,Africa,Middle Africa,,Low income,West and Central Africa,Sub-Saharan Africa,Africa,Sub-Saharan Africa,Sub-Saharan Africa,Central Sub-Saharan Africa,Sub-Saharan Africa,2,8,2,2,1,2,2
COG,178,Congo,Sub-Saharan Africa,West and Central Africa,Sub-Saharan Africa,,,Africa,Middle Africa,,Lower middle income,West and Central Africa,Sub-Saharan Africa,Africa,Sub-Saharan Africa,Sub-Saharan Africa,Central Sub-Saharan Africa,Sub-Saharan Africa,2,8,2,2,2,2,2
COK,184,Cook Islands,East Asia and Pacific,,Oceania,Oceania excluding Australia and New Zealand,South Eastern Asia and Oceania (excl. Australia and New Zealand),Oceania,Polynesia,,,East Asia and Pacific,Oceania excluding Australia and New Zealand,Oceania,"Eastern Asia, South Eastern Asia and Oceania (excl. Australia and New Zealand)",Oceania,Oceania,"Southeast Asia, East Asia, Oceania",8,7,7,5,NA,6,6
COL,170,Colombia,Latin America and Caribbean,,Latin America and the Caribbean,,,Americas,Latin America and the Caribbean,South America,Upper middle income,Latin America and Caribbean,Latin America and the Caribbean,Latin America and the Caribbean,Latin America and the Caribbean,Latin America and the Caribbean,Central Latin America,Latin America & Caribbean,5,6,5,4,3,5,5
COM,174,Comoros,Sub-Saharan Africa,Eastern and Southern Africa,Sub-Saharan Africa,,,Africa,Eastern Africa,,Lower middle income,Eastern and Southern Africa,Sub-Saharan Africa,Africa,Sub-Saharan Africa,Sub-Saharan Africa,Eastern Sub-Saharan Africa,Sub-Saharan Africa,2,2,2,2,2,2,2
CPV,132,Cabo Verde,Sub-Saharan Africa,West and Central Africa,Sub-Saharan Africa,,,Africa,Western Africa,,Lower middle income,West and Central Africa,Sub-Saharan Africa,Africa,Sub-Saharan Africa,Sub-Saharan Africa,Western Sub-Saharan Africa,Sub-Saharan Africa,2,8,2,2,2,2,2
CRI,188,Costa Rica,Latin America and Caribbean,,Latin America and the Caribbean,,,Americas,Latin America and the Caribbean,Central America,Upper middle income,Latin America and Caribbean,Latin America and the Caribbean,Latin America and the Caribbean,Latin America and the Caribbean,Latin America and the Caribbean,Central Latin America,Latin America & Caribbean,5,6,5,4,3,5,5
CUB,192,Cuba,Latin America and Caribbean,,Latin America and the Caribbean,,,Americas,Latin America and the Caribbean,Caribbean,Upper middle income,Latin America and Caribbean,Latin America and the Caribbean,Latin America and the Caribbean,Latin America and the Caribbean,Latin America and the Caribbean,Caribbean,Latin America & Caribbean,5,6,5,4,3,5,5
CYP,196,Cyprus,Europe and Central Asia,Western Europe,Western Asia and Northern Africa,Western Asia,,Asia,Western Asia,,High income,Western Europe,Western Asia and Northern Africa,Asia,Western Asia and Northern Africa,Western Asia and Northern Africa,Western Europe,High income,4,4,4,1,4,4,4
CZE,203,Czechia,Europe and Central Asia,Western Europe,Northern America and Europe,Europe,"North America, Europe, Australia and New Zealand",Europe,Eastern Europe,,High income,Western Europe,Northern America and Europe,Europe,"Northern America, Australia and New Zealand, Central Asia and Europe","Northern America, Central Asia and Europe",Central Europe,"Central Europe, Eastern Europe,Central Asia",3,4,3,3,4,3,3
DEU,276,Germany,Europe and Central Asia,Western Europe,Northern America and Europe,Europe,"North America, Europe, Australia and New Zealand",Europe,Western Europe,,High income,Western Europe,Northern America and Europe,Europe,"Northern America, Australia and New Zealand, Central Asia and Europe","Northern America, Central Asia and Europe",Western Europe,High income,3,4,4,3,4,3,3
DJI,262,Djibouti,Sub-Saharan Africa,Eastern and Southern Africa,Sub-Saharan Africa,,,Africa,Eastern Africa,,Lower middle income,Eastern and Southern Africa,Sub-Saharan Africa,Africa,Sub-Saharan Africa,Sub-Saharan Africa,Eastern Sub-Saharan Africa,Sub-Saharan Africa,2,2,2,2,2,2,2
DMA,212,Dominica,Latin America and Caribbean,,Latin America and the Caribbean,,,Americas,Latin America and the Caribbean,Caribbean,Upper middle income,Latin America and Caribbean,Latin America and the Caribbean,Latin America and the Caribbean,Latin America and the Caribbean,Latin America and the Caribbean,Caribbean,Latin America & Caribbean,5,6,5,4,3,5,5
DNK,208,Denmark,Europe and Central Asia,Western Europe,Northern America and Europe,Europe,"North America, Europe, Australia and New Zealand",Europe,Northern Europe,,High income,Western Europe,Northern America and Europe,Europe,"Northern America, Australia and New Zealand, Central Asia and Europe","Northern America, Central Asia and Europe",Western Europe,High income,3,4,4,3,4,3,3
DOM,214,Dominican Republic,Latin America and Caribbean,,Latin America and the Caribbean,,,Americas,Latin America and the Caribbean,Caribbean,Upper middle income,Latin America and Caribbean,Latin America and the Caribbean,Latin America and the Caribbean,Latin America and the Caribbean,Latin America and the Caribbean,Caribbean,Latin America & Caribbean,5,6,5,4,3,5,5
DZA,12,Algeria,Middle East and North Africa,,Western Asia and Northern Africa,Northern Africa,,Africa,Northern Africa,,Upper middle income,Middle East and North Africa,Western Asia and Northern Africa,Africa,Western Asia and Northern Africa,Western Asia and Northern Africa,North Africa and Middle East,North Africa and Middle East,4,5,1,2,3,4,4
ECU,218,Ecuador,Latin America and Caribbean,,Latin America and the Caribbean,,,Americas,Latin America and the Caribbean,South America,Upper middle income,Latin America and Caribbean,Latin America and the Caribbean,Latin America and the Caribbean,Latin America and the Caribbean,Latin America and the Caribbean,Andean Latin America,Latin America & Caribbean,5,6,5,4,3,5,5
EGY,818,Egypt,Middle East and North Africa,,Western Asia and Northern Africa,Northern Africa,,Africa,Northern Africa,,Lower middle income,Middle East and North Africa,Western Asia and Northern Africa,Africa,Western Asia and Northern Africa,Western Asia and Northern Africa,North Africa and Middle East,North Africa and Middle East,4,5,1,2,2,4,4
ERI,232,Eritrea,Sub-Saharan Africa,Eastern and Southern Africa,Sub-Saharan Africa,,,Africa,Eastern Africa,,Low income,Eastern and Southern Africa,Sub-Saharan Africa,Africa,Sub-Saharan Africa,Sub-Saharan Africa,Eastern Sub-Saharan Africa,Sub-Saharan Africa,2,2,2,2,1,2,2
ESP,724,Spain,Europe and Central Asia,Western Europe,Northern America and Europe,Europe,"North America, Europe, Australia and New Zealand",Europe,Southern Europe,,High income,Western Europe,Northern America and Europe,Europe,"Northern America, Australia and New Zealand, Central Asia and Europe","Northern America, Central Asia and Europe",Western Europe,High income,3,4,4,3,4,3,3
EST,233,Estonia,Europe and Central Asia,Western Europe,Northern America and Europe,Europe,"North America, Europe, Australia and New Zealand",Europe,Northern Europe,,High income,Western Europe,Northern America and Europe,Europe,"Northern America, Australia and New Zealand, Central Asia and Europe","Northern America, Central Asia and Europe",Eastern Europe,"Central Europe, Eastern Europe,Central Asia",3,4,3,3,4,3,3
ETH,231,Ethiopia,Sub-Saharan Africa,Eastern and Southern Africa,Sub-Saharan Africa,,,Africa,Eastern Africa,,Low income,Eastern and Southern Africa,Sub-Saharan Africa,Africa,Sub-Saharan Africa,Sub-Saharan Africa,Eastern Sub-Saharan Africa,Sub-Saharan Africa,2,2,2,2,1,2,2
FIN,246,Finland,Europe and Central Asia,Western Europe,Northern America and Europe,Europe,"North America, Europe, Australia and New Zealand",Europe,Northern Europe,,High income,Western Europe,Northern America and Europe,Europe,"Northern America, Australia and New Zealand, Central Asia and Europe","Northern America, Central Asia and Europe",Western Europe,High income,3,4,4,3,4,3,3
FJI,242,Fiji,East Asia and Pacific,,Oceania,Oceania excluding Australia and New Zealand,South Eastern Asia and Oceania (excl. Australia and New Zealand),Oceania,Melanesia,,Upper middle income,East Asia and Pacific,Oceania excluding Australia and New Zealand,Oceania,"Eastern Asia, South Eastern Asia and Oceania (excl. Australia and New Zealand)",Oceania,Oceania,"Southeast Asia, East Asia, Oceania",8,7,7,5,3,6,6
FRA,250,France,Europe and Central Asia,Western Europe,Northern America and Europe,Europe,"North America, Europe, Australia and New Zealand",Europe,Western Europe,,High income,Western Europe,Northern America and Europe,Europe,"Northern America, Australia and New Zealand, Central Asia and Europe","Northern America, Central Asia and Europe",Western Europe,High income,3,4,4,3,4,3,3
FSM,583,Micronesia (Federated States of),East Asia and Pacific,,Oceania,Oceania excluding Australia and New Zealand,South Eastern Asia and Oceania (excl. Australia and New Zealand),Oceania,Micronesia,,Lower middle income,East Asia and Pacific,Oceania excluding Australia and New Zealand,Oceania,"Eastern Asia, South Eastern Asia and Oceania (excl. Australia and New Zealand)",Oceania,Oceania,"Southeast Asia, East Asia, Oceania",8,7,7,5,2,6,6
GAB,266,Gabon,Sub-Saharan Africa,West and Central Africa,Sub-Saharan Africa,,,Africa,Middle Africa,,Upper middle income,West and Central Africa,Sub-Saharan Africa,Africa,Sub-Saharan Africa,Sub-Saharan Africa,Central Sub-Saharan Africa,Sub-Saharan Africa,2,8,2,2,3,2,2
GBR,826,United Kingdom,Europe and Central Asia,Western Europe,Northern America and Europe,Europe,"North America, Europe, Australia and New Zealand",Europe,Northern Europe,,High income,Western Europe,Northern America and Europe,Europe,"Northern America, Australia and New Zealand, Central Asia and Europe","Northern America, Central Asia and Europe",Western Europe,High income,3,4,4,3,4,3,3
GEO,268,Georgia,Europe and Central Asia,Eastern Europe and Central Asia,Western Asia and Northern Africa,Western Asia,,Asia,Western Asia,,Upper middle income,Eastern Europe and Central Asia,Western Asia and Northern Africa,Asia,Western Asia and Northern Africa,Western Asia and Northern Africa,Central Asia,"Central Europe, Eastern Europe,Central Asia",4,3,3,1,3,4,4
GHA,288,Ghana,Sub-Saharan Africa,West and Central Africa,Sub-Saharan Africa,,,Africa,Western Africa,,Lower middle income,West and Central Africa,Sub-Saharan Africa,Africa,Sub-Saharan Africa,Sub-Saharan Africa,Western Sub-Saharan Africa,Sub-Saharan Africa,2,8,2,2,2,2,2
GIN,324,Guinea,Sub-Saharan Africa,West and Central Africa,Sub-Saharan Africa,,,Africa,Western Africa,,Low income,West and Central Africa,Sub-Saharan Africa,Africa,Sub-Saharan Africa,Sub-Saharan Africa,Western Sub-Saharan Africa,Sub-Saharan Africa,2,8,2,2,1,2,2
GMB,270,Gambia,Sub-Saharan Africa,West and Central Africa,Sub-Saharan Africa,,,Africa,Western Africa,,Low income,West and Central Africa,Sub-Saharan Africa,Africa,Sub-Saharan Africa,Sub-Saharan Africa,Western Sub-Saharan Africa,Sub-Saharan Africa,2,8,2,2,1,2,2
GNB,624,Guinea-Bissau,Sub-Saharan Africa,West and Central Africa,Sub-Saharan Africa,,,Africa,Western Africa,,Low income,West and Central Africa,Sub-Saharan Africa,Africa,Sub-Saharan Africa,Sub-Saharan Africa,Western Sub-Saharan Africa,Sub-Saharan Africa,2,8,2,2,1,2,2
GNQ,226,Equatorial Guinea,Sub-Saharan Africa,West and Central Africa,Sub-Saharan Africa,,,Africa,Middle Africa,,Upper middle income,West and Central Africa,Sub-Saharan Africa,Africa,Sub-Saharan Africa,Sub-Saharan Africa,Central Sub-Saharan Africa,Sub-Saharan Africa,2,8,2,2,3,2,2
GRC,300,Greece,Europe and Central Asia,Western Europe,Northern America and Europe,Europe,"North America, Europe, Australia and New Zealand",Europe,Southern Europe,,High income,Western Europe,Northern America and Europe,Europe,"Northern America, Australia and New Zealand, Central Asia and Europe","Northern America, Central Asia and Europe",Western Europe,High income,3,4,4,3,4,3,3
GRD,308,Grenada,Latin America and Caribbean,,Latin America and the Caribbean,,,Americas,Latin America and the Caribbean,Caribbean,Upper middle income,Latin America and Caribbean,Latin America and the Caribbean,Latin America and the Caribbean,Latin America and the Caribbean,Latin America and the Caribbean,Caribbean,Latin America & Caribbean,5,6,5,4,3,5,5
GTM,320,Guatemala,Latin America and Caribbean,,Latin America and the Caribbean,,,Americas,Latin America and the Caribbean,Central America,Upper middle income,Latin America and Caribbean,Latin America and the Caribbean,Latin America and the Caribbean,Latin America and the Caribbean,Latin America and the Caribbean,Central Latin America,Latin America & Caribbean,5,6,5,4,3,5,5
GUY,328,Guyana,Latin America and Caribbean,,Latin America and the Caribbean,,,Americas,Latin America and the Caribbean,South America,Upper middle income,Latin America and Caribbean,Latin America and the Caribbean,Latin America and the Caribbean,Latin America and the Caribbean,Latin America and the Caribbean,Caribbean,Latin America & Caribbean,5,6,5,4,3,5,5
HND,340,Honduras,Latin America and Caribbean,,Latin America and the Caribbean,,,Americas,Latin America and the Caribbean,Central America,Lower middle income,Latin America and Caribbean,Latin America and the Caribbean,Latin America and the Caribbean,Latin America and the Caribbean,Latin America and the Caribbean,Central Latin America,Latin America & Caribbean,5,6,5,4,2,5,5
HRV,191,Croatia,Europe and Central Asia,Eastern Europe and Central Asia,Northern America and Europe,Europe,"North America, Europe, Australia and New Zealand",Europe,Southern Europe,,High income,Eastern Europe and Central Asia,Northern America and Europe,Europe,"Northern America, Australia and New Zealand, Central Asia and Europe","Northern America, Central Asia and Europe",Central Europe,"Central Europe, Eastern Europe,Central Asia",3,3,3,3,4,3,3
HTI,332,Haiti,Latin America and Caribbean,,Latin America and the Caribbean,,,Americas,Latin America and the Caribbean,Caribbean,Low income,Latin America and Caribbean,Latin America and the Caribbean,Latin America and the Caribbean,Latin America and the Caribbean,Latin America and the Caribbean,Caribbean,Latin America & Caribbean,5,6,5,4,1,5,5
HUN,348,Hungary,Europe and Central Asia,Western Europe,Northern America and Europe,Europe,"North America, Europe, Australia and New Zealand",Europe,Eastern Europe,,High income,Western Europe,Northern America and Europe,Europe,"Northern America, Australia and New Zealand, Central Asia and Europe","Northern America, Central Asia and Europe",Central Europe,"Central Europe, Eastern Europe,Central Asia",3,4,3,3,4,3,3
IDN,360,Indonesia,East Asia and Pacific,,Eastern Asia and South-eastern Asia,South-eastern Asia,South Eastern Asia and Oceania (excl. Australia and New Zealand),Asia,South-Eastern Asia,,Lower middle income,East Asia and Pacific,Eastern Asia and South-eastern Asia,Asia,"Eastern Asia, South Eastern Asia and Oceania (excl. Australia and New Zealand)",Eastern Asia and South-eastern Asia,Southeast Asia,"Southeast Asia, East Asia, Oceania",7,7,7,1,2,6,7
IND,356,India,South Asia,,Central Asia and Southern Asia,Southern Asia,,Asia,Southern Asia,,Lower middle income,South Asia,Central Asia and Southern Asia,Asia,Southern Asia,Southern Asia,South Asia,South Asia,1,1,6,1,2,1,1
IRL,372,Ireland,Europe and Central Asia,Western Europe,Northern America and Europe,Europe,"North America, Europe, Australia and New Zealand",Europe,Northern Europe,,High income,Western Europe,Northern America and Europe,Europe,"Northern America, Australia and New Zealand, Central Asia and Europe","Northern America, Central Asia and Europe",Western Europe,High income,3,4,4,3,4,3,3
IRN,364,Iran (Islamic Republic of),Middle East and North Africa,,Central Asia and Southern Asia,Southern Asia,,Asia,Southern Asia,,Upper middle income,Middle East and North Africa,Central Asia and Southern Asia,Asia,Southern Asia,Southern Asia,North Africa and Middle East,North Africa and Middle East,1,5,1,1,3,1,1
IRQ,368,Iraq,Middle East and North Africa,,Western Asia and Northern Africa,Western Asia,,Asia,Western Asia,,Upper middle income,Middle East and North Africa,Western Asia and Northern Africa,Asia,Western Asia and Northern Africa,Western Asia and Northern Africa,North Africa and Middle East,North Africa and Middle East,4,5,1,1,3,4,4
ISL,352,Iceland,Europe and Central Asia,Western Europe,Northern America and Europe,Europe,"North America, Europe, Australia and New Zealand",Europe,Northern Europe,,High income,Western Europe,Northern America and Europe,Europe,"Northern America, Australia and New Zealand, Central Asia and Europe","Northern America, Central Asia and Europe",Western Europe,High income,3,4,4,3,4,3,3
ISR,376,Israel,Middle East and North Africa,,Western Asia and Northern Africa,Western Asia,,Asia,Western Asia,,High income,Middle East and North Africa,Western Asia and Northern Africa,Asia,Western Asia and Northern Africa,Western Asia and Northern Africa,Western Europe,High income,4,5,4,1,4,4,4
ITA,380,Italy,Europe and Central Asia,Western Europe,Northern America and Europe,Europe,"North America, Europe, Australia and New Zealand",Europe,Southern Europe,,High income,Western Europe,Northern America and Europe,Europe,"Northern America, Australia and New Zealand, Central Asia and Europe","Northern America, Central Asia and Europe",Western Europe,High income,3,4,4,3,4,3,3
JAM,388,Jamaica,Latin America and Caribbean,,Latin America and the Caribbean,,,Americas,Latin America and the Caribbean,Caribbean,Upper middle income,Latin America and Caribbean,Latin America and the Caribbean,Latin America and the Caribbean,Latin America and the Caribbean,Latin America and the Caribbean,Caribbean,Latin America & Caribbean,5,6,5,4,3,5,5
JOR,400,Jordan,Middle East and North Africa,,Western Asia and Northern Africa,Western Asia,,Asia,Western Asia,,Upper middle income,Middle East and North Africa,Western Asia and Northern Africa,Asia,Western Asia and Northern Africa,Western Asia and Northern Africa,North Africa and Middle East,North Africa and Middle East,4,5,1,1,3,4,4
JPN,392,Japan,East Asia and Pacific,,Eastern Asia and South-eastern Asia,Eastern Asia,,Asia,Eastern Asia,,High income,East Asia and Pacific,Eastern Asia and South-eastern Asia,Asia,"Eastern Asia, South Eastern Asia and Oceania (excl. Australia and New Zealand)",Eastern Asia and South-eastern Asia,High-income Asia Pacific,High income,7,7,4,1,4,6,7
KAZ,398,Kazakhstan,Europe and Central Asia,Eastern Europe and Central Asia,Central Asia and Southern Asia,Central Asia,,Asia,Central Asia,,Upper middle income,Eastern Europe and Central Asia,Central Asia and Southern Asia,Asia,"Northern America, Australia and New Zealand, Central Asia and Europe","Northern America, Central Asia and Europe",Central Asia,"Central Europe, Eastern Europe,Central Asia",1,3,3,1,3,3,3
KEN,404,Kenya,Sub-Saharan Africa,Eastern and Southern Africa,Sub-Saharan Africa,,,Africa,Eastern Africa,,Lower middle income,Eastern and Southern Africa,Sub-Saharan Africa,Africa,Sub-Saharan Africa,Sub-Saharan Africa,Eastern Sub-Saharan Africa,Sub-Saharan Africa,2,2,2,2,2,2,2
KGZ,417,Kyrgyzstan,Europe and Central Asia,Eastern Europe and Central Asia,Central Asia and Southern Asia,Central Asia,,Asia,Central Asia,,Lower middle income,Eastern Europe and Central Asia,Central Asia and Southern Asia,Asia,"Northern America, Australia and New Zealand, Central Asia and Europe","Northern America, Central Asia and Europe",Central Asia,"Central Europe, Eastern Europe,Central Asia",1,3,3,1,2,3,3
KHM,116,Cambodia,East Asia and Pacific,,Eastern Asia and South-eastern Asia,South-eastern Asia,South Eastern Asia and Oceania (excl. Australia and New Zealand),Asia,South-Eastern Asia,,Lower middle income,East Asia and Pacific,Eastern Asia and South-eastern Asia,Asia,"Eastern Asia, South Eastern Asia and Oceania (excl. Australia and New Zealand)",Eastern Asia and South-eastern Asia,Southeast Asia,"Southeast Asia, East Asia, Oceania",7,7,7,1,2,6,7
KIR,296,Kiribati,East Asia and Pacific,,Oceania,Oceania excluding Australia and New Zealand,South Eastern Asia and Oceania (excl. Australia and New Zealand),Oceania,Micronesia,,Lower middle income,East Asia and Pacific,Oceania excluding Australia and New Zealand,Oceania,"Eastern Asia, South Eastern Asia and Oceania (excl. Australia and New Zealand)",Oceania,Oceania,"Southeast Asia, East Asia, Oceania",8,7,7,5,2,6,6
KNA,659,Saint Kitts and Nevis,Latin America and Caribbean,,Latin America and the Caribbean,,,Americas,Latin America and the Caribbean,Caribbean,High income,Latin America and Caribbean,Latin America and the Caribbean,Latin America and the Caribbean,Latin America and the Caribbean,Latin America and the Caribbean,Caribbean,Latin America & Caribbean,5,6,5,4,4,5,5
KOR,410,Republic of Korea,East Asia and Pacific,,Eastern Asia and South-eastern Asia,Eastern Asia,,Asia,Eastern Asia,,High income,East Asia and Pacific,Eastern Asia and South-eastern Asia,Asia,"Eastern Asia, South Eastern Asia and Oceania (excl. Australia and New Zealand)",Eastern Asia and South-eastern Asia,High-income Asia Pacific,High income,7,7,4,1,4,6,7
KWT,414,Kuwait,Middle East and North Africa,,Western Asia and Northern Africa,Western Asia,,Asia,Western Asia,,High income,Middle East and North Africa,Western Asia and Northern Africa,Asia,Western Asia and Northern Africa,Western Asia and Northern Africa,North Africa and Middle East,North Africa and Middle East,4,5,1,1,4,4,4
LAO,418,Lao People's Democratic Republic,East Asia and Pacific,,Eastern Asia and South-eastern Asia,South-eastern Asia,South Eastern Asia and Oceania (excl. Australia and New Zealand),Asia,South-Eastern Asia,,Lower middle income,East Asia and Pacific,Eastern Asia and South-eastern Asia,Asia,"Eastern Asia, South Eastern Asia and Oceania (excl. Australia and New Zealand)",Eastern Asia and South-eastern Asia,Southeast Asia,"Southeast Asia, East Asia, Oceania",7,7,7,1,2,6,7
LBN,422,Lebanon,Middle East and North Africa,,Western Asia and Northern Africa,Western Asia,,Asia,Western Asia,,Upper middle income,Middle East and North Africa,Western Asia and Northern Africa,Asia,Western Asia and Northern Africa,Western Asia and Northern Africa,North Africa and Middle East,North Africa and Middle East,4,5,1,1,3,4,4
LBR,430,Liberia,Sub-Saharan Africa,West and Central Africa,Sub-Saharan Africa,,,Africa,Western Africa,,Low income,West and Central Africa,Sub-Saharan Africa,Africa,Sub-Saharan Africa,Sub-Saharan Africa,Western Sub-Saharan Africa,Sub-Saharan Africa,2,8,2,2,1,2,2
LBY,434,Libya,Middle East and North Africa,,Western Asia and Northern Africa,Northern Africa,,Africa,Northern Africa,,Upper middle income,Middle East and North Africa,Western Asia and Northern Africa,Africa,Western Asia and Northern Africa,Western Asia and Northern Africa,North Africa and Middle East,North Africa and Middle East,4,5,1,2,3,4,4
LCA,662,Saint Lucia,Latin America and Caribbean,,Latin America and the Caribbean,,,Americas,Latin America and the Caribbean,Caribbean,Upper middle income,Latin America and Caribbean,Latin America and the Caribbean,Latin America and the Caribbean,Latin America and the Caribbean,Latin America and the Caribbean,Caribbean,Latin America & Caribbean,5,6,5,4,3,5,5
LKA,144,Sri Lanka,South Asia,,Central Asia and Southern Asia,Southern Asia,,Asia,Southern Asia,,Upper middle income,South Asia,Central Asia and Southern Asia,Asia,Southern Asia,Southern Asia,Southeast Asia,"Southeast Asia, East Asia, Oceania",1,1,7,1,3,1,1
LSO,426,Lesotho,Sub-Saharan Africa,Eastern and Southern Africa,Sub-Saharan Africa,,,Africa,Southern Africa,,Lower middle income,Eastern and Southern Africa,Sub-Saharan Africa,Africa,Sub-Saharan Africa,Sub-Saharan Africa,Southern Sub-Saharan Africa,Sub-Saharan Africa,2,2,2,2,2,2,2
LTU,440,Lithuania,Europe and Central Asia,Western Europe,Northern America and Europe,Europe,"North America, Europe, Australia and New Zealand",Europe,Northern Europe,,High income,Western Europe,Northern America and Europe,Europe,"Northern America, Australia and New Zealand, Central Asia and Europe","Northern America, Central Asia and Europe",Eastern Europe,"Central Europe, Eastern Europe,Central Asia",3,4,3,3,4,3,3
LUX,442,Luxembourg,Europe and Central Asia,Western Europe,Northern America and Europe,Europe,"North America, Europe, Australia and New Zealand",Europe,Western Europe,,High income,Western Europe,Northern America and Europe,Europe,"Northern America, Australia and New Zealand, Central Asia and Europe","Northern America, Central Asia and Europe",Western Europe,High income,3,4,4,3,4,3,3
LVA,428,Latvia,Europe and Central Asia,Western Europe,Northern America and Europe,Europe,"North America, Europe, Australia and New Zealand",Europe,Northern Europe,,High income,Western Europe,Northern America and Europe,Europe,"Northern America, Australia and New Zealand, Central Asia and Europe","Northern America, Central Asia and Europe",Eastern Europe,"Central Europe, Eastern Europe,Central Asia",3,4,3,3,4,3,3
MAR,504,Morocco,Middle East and North Africa,,Western Asia and Northern Africa,Northern Africa,,Africa,Northern Africa,,Lower middle income,Middle East and North Africa,Western Asia and Northern Africa,Africa,Western Asia and Northern Africa,Western Asia and Northern Africa,North Africa and Middle East,North Africa and Middle East,4,5,1,2,2,4,4
MCO,492,Monaco,Europe and Central Asia,Western Europe,Northern America and Europe,Europe,"North America, Europe, Australia and New Zealand",Europe,Western Europe,,High income,Western Europe,Northern America and Europe,Europe,"Northern America, Australia and New Zealand, Central Asia and Europe","Northern America, Central Asia and Europe",Western Europe,High income,3,4,4,3,4,3,3
MDA,498,Republic of Moldova,Europe and Central Asia,Eastern Europe and Central Asia,Northern America and Europe,Europe,"North America, Europe, Australia and New Zealand",Europe,Eastern Europe,,Lower middle income,Eastern Europe and Central Asia,Northern America and Europe,Europe,"Northern America, Australia and New Zealand, Central Asia and Europe","Northern America, Central Asia and Europe",Eastern Europe,"Central Europe, Eastern Europe,Central Asia",3,3,3,3,2,3,3
MDG,450,Madagascar,Sub-Saharan Africa,Eastern and Southern Africa,Sub-Saharan Africa,,,Africa,Eastern Africa,,Low income,Eastern and Southern Africa,Sub-Saharan Africa,Africa,Sub-Saharan Africa,Sub-Saharan Africa,Eastern Sub-Saharan Africa,Sub-Saharan Africa,2,2,2,2,1,2,2
MDV,462,Maldives,South Asia,,Central Asia and Southern Asia,Southern Asia,,Asia,Southern Asia,,Upper middle income,South Asia,Central Asia and Southern Asia,Asia,Southern Asia,Southern Asia,Southeast Asia,"Southeast Asia, East Asia, Oceania",1,1,7,1,3,1,1
MEX,484,Mexico,Latin America and Caribbean,,Latin America and the Caribbean,,,Americas,Latin America and the Caribbean,Central America,Upper middle income,Latin America and Caribbean,Latin America and the Caribbean,Latin America and the Caribbean,Latin America and the Caribbean,Latin America and the Caribbean,Central Latin America,Latin America & Caribbean,5,6,5,4,3,5,5
MHL,584,Marshall Islands,East Asia and Pacific,,Oceania,Oceania excluding Australia and New Zealand,South Eastern Asia and Oceania (excl. Australia and New Zealand),Oceania,Micronesia,,Upper middle income,East Asia and Pacific,Oceania excluding Australia and New Zealand,Oceania,"Eastern Asia, South Eastern Asia and Oceania (excl. Australia and New Zealand)",Oceania,Oceania,"Southeast Asia, East Asia, Oceania",8,7,7,5,3,6,6
MKD,807,Republic of North Macedonia,Europe and Central Asia,Eastern Europe and Central Asia,Northern America and Europe,Europe,"North America, Europe, Australia and New Zealand",Europe,Southern Europe,,Upper middle income,Eastern Europe and Central Asia,Northern America and Europe,Europe,"Northern America, Australia and New Zealand, Central Asia and Europe","Northern America, Central Asia and Europe",Central Europe,"Central Europe, Eastern Europe,Central Asia",3,3,3,3,3,3,3
MLI,466,Mali,Sub-Saharan Africa,West and Central Africa,Sub-Saharan Africa,,,Africa,Western Africa,,Low income,West and Central Africa,Sub-Saharan Africa,Africa,Sub-Saharan Africa,Sub-Saharan Africa,Western Sub-Saharan Africa,Sub-Saharan Africa,2,8,2,2,1,2,2
MLT,470,Malta,Europe and Central Asia,Western Europe,Northern America and Europe,Europe,"North America, Europe, Australia and New Zealand",Europe,Southern Europe,,High income,Western Europe,Northern America and Europe,Europe,"Northern America, Australia and New Zealand, Central Asia and Europe","Northern America, Central Asia and Europe",Western Europe,High income,3,4,4,3,4,3,3
MMR,104,Myanmar,East Asia and Pacific,,Eastern Asia and South-eastern Asia,South-eastern Asia,South Eastern Asia and Oceania (excl. Australia and New Zealand),Asia,South-Eastern Asia,,Lower middle income,East Asia and Pacific,Eastern Asia and South-eastern Asia,Asia,"Eastern Asia, South Eastern Asia and Oceania (excl. Australia and New Zealand)",Eastern Asia and South-eastern Asia,Southeast Asia,"Southeast Asia, East Asia, Oceania",7,7,7,1,2,6,7
MNE,499,Montenegro,Europe and Central Asia,Eastern Europe and Central Asia,Northern America and Europe,Europe,"North America, Europe, Australia and New Zealand",Europe,Southern Europe,,Upper middle income,Eastern Europe and Central Asia,Northern America and Europe,Europe,"Northern America, Australia and New Zealand, Central Asia and Europe","Northern America, Central Asia and Europe",Central Europe,"Central Europe, Eastern Europe,Central Asia",3,3,3,3,3,3,3
MNG,496,Mongolia,East Asia and Pacific,,Eastern Asia and South-eastern Asia,Eastern Asia,,Asia,Eastern Asia,,Lower middle income,East Asia and Pacific,Eastern Asia and South-eastern Asia,Asia,"Eastern Asia, South Eastern Asia and Oceania (excl. Australia and New Zealand)",Eastern Asia and South-eastern Asia,Central Asia,"Central Europe, Eastern Europe,Central Asia",7,7,3,1,2,6,7
MOZ,508,Mozambique,Sub-Saharan Africa,Eastern and Southern Africa,Sub-Saharan Africa,,,Africa,Eastern Africa,,Low income,Eastern and Southern Africa,Sub-Saharan Africa,Africa,Sub-Saharan Africa,Sub-Saharan Africa,Eastern Sub-Saharan Africa,Sub-Saharan Africa,2,2,2,2,1,2,2
MRT,478,Mauritania,Sub-Saharan Africa,West and Central Africa,Sub-Saharan Africa,,,Africa,Western Africa,,Lower middle income,West and Central Africa,Sub-Saharan Africa,Africa,Sub-Saharan Africa,Sub-Saharan Africa,Western Sub-Saharan Africa,Sub-Saharan Africa,2,8,2,2,2,2,2
MUS,480,Mauritius,Sub-Saharan Africa,Eastern and Southern Africa,Sub-Saharan Africa,,,Africa,Eastern Africa,,Upper middle income,Eastern and Southern Africa,Sub-Saharan Africa,Africa,Sub-Saharan Africa,Sub-Saharan Africa,Southeast Asia,"Southeast Asia, East Asia, Oceania",2,2,7,2,3,2,2
MWI,454,Malawi,Sub-Saharan Africa,Eastern and Southern Africa,Sub-Saharan Africa,,,Africa,Eastern Africa,,Low income,Eastern and Southern Africa,Sub-Saharan Africa,Africa,Sub-Saharan Africa,Sub-Saharan Africa,Eastern Sub-Saharan Africa,Sub-Saharan Africa,2,2,2,2,1,2,2
MYS,458,Malaysia,East Asia and Pacific,,Eastern Asia and South-eastern Asia,South-eastern Asia,South Eastern Asia and Oceania (excl. Australia and New Zealand),Asia,South-Eastern Asia,,Upper middle income,East Asia and Pacific,Eastern Asia and South-eastern Asia,Asia,"Eastern Asia, South Eastern Asia and Oceania (excl. Australia and New Zealand)",Eastern Asia and South-eastern Asia,Southeast Asia,"Southeast Asia, East Asia, Oceania",7,7,7,1,3,6,7
NAM,516,Namibia,Sub-Saharan Africa,Eastern and Southern Africa,Sub-Saharan Africa,,,Africa,Southern Africa,,Upper middle income,Eastern and Southern Africa,Sub-Saharan Africa,Africa,Sub-Saharan Africa,Sub-Saharan Africa,Southern Sub-Saharan Africa,Sub-Saharan Africa,2,2,2,2,3,2,2
NER,562,Niger,Sub-Saharan Africa,West and Central Africa,Sub-Saharan Africa,,,Africa,Western Africa,,Low income,West and Central Africa,Sub-Saharan Africa,Africa,Sub-Saharan Africa,Sub-Saharan Africa,Western Sub-Saharan Africa,Sub-Saharan Africa,2,8,2,2,1,2,2
NGA,566,Nigeria,Sub-Saharan Africa,West and Central Africa,Sub-Saharan Africa,,,Africa,Western Africa,,Lower middle income,West and Central Africa,Sub-Saharan Africa,Africa,Sub-Saharan Africa,Sub-Saharan Africa,Western Sub-Saharan Africa,Sub-Saharan Africa,2,8,2,2,2,2,2
NIC,558,Nicaragua,Latin America and Caribbean,,Latin America and the Caribbean,,,Americas,Latin America and the Caribbean,Central America,Lower middle income,Latin America and Caribbean,Latin America and the Caribbean,Latin America and the Caribbean,Latin America and the Caribbean,Latin America and the Caribbean,Central Latin America,Latin America & Caribbean,5,6,5,4,2,5,5
NIU,570,Niue,East Asia and Pacific,,Oceania,Oceania excluding Australia and New Zealand,South Eastern Asia and Oceania (excl. Australia and New Zealand),Oceania,Polynesia,,,East Asia and Pacific,Oceania excluding Australia and New Zealand,Oceania,"Eastern Asia, South Eastern Asia and Oceania (excl. Australia and New Zealand)",Oceania,Oceania,"Southeast Asia, East Asia, Oceania",8,7,7,5,NA,6,6
NLD,528,Netherlands,Europe and Central Asia,Western Europe,Northern America and Europe,Europe,"North America, Europe, Australia and New Zealand",Europe,Western Europe,,High income,Western Europe,Northern America and Europe,Europe,"Northern America, Australia and New Zealand, Central Asia and Europe","Northern America, Central Asia and Europe",Western Europe,High income,3,4,4,3,4,3,3
NOR,578,Norway,Europe and Central Asia,Western Europe,Northern America and Europe,Europe,"North America, Europe, Australia and New Zealand",Europe,Northern Europe,,High income,Western Europe,Northern America and Europe,Europe,"Northern America, Australia and New Zealand, Central Asia and Europe","Northern America, Central Asia and Europe",Western Europe,High income,3,4,4,3,4,3,3
NPL,524,Nepal,South Asia,,Central Asia and Southern Asia,Southern Asia,,Asia,Southern Asia,,Low income,South Asia,Central Asia and Southern Asia,Asia,Southern Asia,Southern Asia,South Asia,South Asia,1,1,6,1,1,1,1
NRU,520,Nauru,East Asia and Pacific,,Oceania,Oceania excluding Australia and New Zealand,South Eastern Asia and Oceania (excl. Australia and New Zealand),Oceania,Micronesia,,Upper middle income,East Asia and Pacific,Oceania excluding Australia and New Zealand,Oceania,"Eastern Asia, South Eastern Asia and Oceania (excl. Australia and New Zealand)",Oceania,Oceania,"Southeast Asia, East Asia, Oceania",8,7,7,5,3,6,6
NZL,554,New Zealand,East Asia and Pacific,,Oceania,Australia and New Zealand,"North America, Europe, Australia and New Zealand",Oceania,Australia and New Zealand,,High income,East Asia and Pacific,Australia and New Zealand,Oceania,"Northern America, Australia and New Zealand, Central Asia and Europe",Oceania,Australasia,High income,6,7,4,5,4,3,6
OMN,512,Oman,Middle East and North Africa,,Western Asia and Northern Africa,Western Asia,,Asia,Western Asia,,High income,Middle East and North Africa,Western Asia and Northern Africa,Asia,Western Asia and Northern Africa,Western Asia and Northern Africa,North Africa and Middle East,North Africa and Middle East,4,5,1,1,4,4,4
PAK,586,Pakistan,South Asia,,Central Asia and Southern Asia,Southern Asia,,Asia,Southern Asia,,Lower middle income,South Asia,Central Asia and Southern Asia,Asia,Southern Asia,Southern Asia,South Asia,South Asia,1,1,6,1,2,1,1
PAN,591,Panama,Latin America and Caribbean,,Latin America and the Caribbean,,,Americas,Latin America and the Caribbean,Central America,High income,Latin America and Caribbean,Latin America and the Caribbean,Latin America and the Caribbean,Latin America and the Caribbean,Latin America and the Caribbean,Central Latin America,Latin America & Caribbean,5,6,5,4,4,5,5
PER,604,Peru,Latin America and Caribbean,,Latin America and the Caribbean,,,Americas,Latin America and the Caribbean,South America,Upper middle income,Latin America and Caribbean,Latin America and the Caribbean,Latin America and the Caribbean,Latin America and the Caribbean,Latin America and the Caribbean,Andean Latin America,Latin America & Caribbean,5,6,5,4,3,5,5
PHL,608,Philippines,East Asia and Pacific,,Eastern Asia and South-eastern Asia,South-eastern Asia,South Eastern Asia and Oceania (excl. Australia and New Zealand),Asia,South-Eastern Asia,,Lower middle income,East Asia and Pacific,Eastern Asia and South-eastern Asia,Asia,"Eastern Asia, South Eastern Asia and Oceania (excl. Australia and New Zealand)",Eastern Asia and South-eastern Asia,Southeast Asia,"Southeast Asia, East Asia, Oceania",7,7,7,1,2,6,7
PLW,585,Palau,East Asia and Pacific,,Oceania,Oceania excluding Australia and New Zealand,South Eastern Asia and Oceania (excl. Australia and New Zealand),Oceania,Micronesia,,High income,East Asia and Pacific,Oceania excluding Australia and New Zealand,Oceania,"Eastern Asia, South Eastern Asia and Oceania (excl. Australia and New Zealand)",Oceania,Oceania,"Southeast Asia, East Asia, Oceania",8,7,7,5,4,6,6
PNG,598,Papua New Guinea,East Asia and Pacific,,Oceania,Oceania excluding Australia and New Zealand,South Eastern Asia and Oceania (excl. Australia and New Zealand),Oceania,Melanesia,,Lower middle income,East Asia and Pacific,Oceania excluding Australia and New Zealand,Oceania,"Eastern Asia, South Eastern Asia and Oceania (excl. Australia and New Zealand)",Oceania,Oceania,"Southeast Asia, East Asia, Oceania",8,7,7,5,2,6,6
POL,616,Poland,Europe and Central Asia,Western Europe,Northern America and Europe,Europe,"North America, Europe, Australia and New Zealand",Europe,Eastern Europe,,High income,Western Europe,Northern America and Europe,Europe,"Northern America, Australia and New Zealand, Central Asia and Europe","Northern America, Central Asia and Europe",Central Europe,"Central Europe, Eastern Europe,Central Asia",3,4,3,3,4,3,3
PRK,408,Democratic People's Republic of Korea,East Asia and Pacific,,Eastern Asia and South-eastern Asia,Eastern Asia,,Asia,Eastern Asia,,Low income,East Asia and Pacific,Eastern Asia and South-eastern Asia,Asia,"Eastern Asia, South Eastern Asia and Oceania (excl. Australia and New Zealand)",Eastern Asia and South-eastern Asia,East Asia,"Southeast Asia, East Asia, Oceania",7,7,7,1,1,6,7
PRT,620,Portugal,Europe and Central Asia,Western Europe,Northern America and Europe,Europe,"North America, Europe, Australia and New Zealand",Europe,Southern Europe,,High income,Western Europe,Northern America and Europe,Europe,"Northern America, Australia and New Zealand, Central Asia and Europe","Northern America, Central Asia and Europe",Western Europe,High income,3,4,4,3,4,3,3
PRY,600,Paraguay,Latin America and Caribbean,,Latin America and the Caribbean,,,Americas,Latin America and the Caribbean,South America,Upper middle income,Latin America and Caribbean,Latin America and the Caribbean,Latin America and the Caribbean,Latin America and the Caribbean,Latin America and the Caribbean,Tropical Latin America,Latin America & Caribbean,5,6,5,4,3,5,5
PSE,275,State of Palestine,Middle East and North Africa,,Western Asia and Northern Africa,Western Asia,,Asia,Western Asia,,Lower middle income,Middle East and North Africa,Western Asia and Northern Africa,Asia,Western Asia and Northern Africa,Western Asia and Northern Africa,North Africa and Middle East,North Africa and Middle East,4,5,1,1,2,4,4
QAT,634,Qatar,Middle East and North Africa,,Western Asia and Northern Africa,Western Asia,,Asia,Western Asia,,High income,Middle East and North Africa,Western Asia and Northern Africa,Asia,Western Asia and Northern Africa,Western Asia and Northern Africa,North Africa and Middle East,North Africa and Middle East,4,5,1,1,4,4,4
ROU,642,Romania,Europe and Central Asia,Eastern Europe and Central Asia,Northern America and Europe,Europe,"North America, Europe, Australia and New Zealand",Europe,Eastern Europe,,Upper middle income,Eastern Europe and Central Asia,Northern America and Europe,Europe,"Northern America, Australia and New Zealand, Central Asia and Europe","Northern America, Central Asia and Europe",Central Europe,"Central Europe, Eastern Europe,Central Asia",3,3,3,3,3,3,3
RUS,643,Russian Federation,Europe and Central Asia,Eastern Europe and Central Asia,Northern America and Europe,Europe,"North America, Europe, Australia and New Zealand",Europe,Eastern Europe,,Upper middle income,Eastern Europe and Central Asia,Northern America and Europe,Europe,"Northern America, Australia and New Zealand, Central Asia and Europe","Northern America, Central Asia and Europe",Eastern Europe,"Central Europe, Eastern Europe,Central Asia",3,3,3,3,3,3,3
RWA,646,Rwanda,Sub-Saharan Africa,Eastern and Southern Africa,Sub-Saharan Africa,,,Africa,Eastern Africa,,Low income,Eastern and Southern Africa,Sub-Saharan Africa,Africa,Sub-Saharan Africa,Sub-Saharan Africa,Eastern Sub-Saharan Africa,Sub-Saharan Africa,2,2,2,2,1,2,2
SAU,682,Saudi Arabia,Middle East and North Africa,,Western Asia and Northern Africa,Western Asia,,Asia,Western Asia,,High income,Middle East and North Africa,Western Asia and Northern Africa,Asia,Western Asia and Northern Africa,Western Asia and Northern Africa,North Africa and Middle East,North Africa and Middle East,4,5,1,1,4,4,4
SDN,729,Sudan,Sub-Saharan Africa,Eastern and Southern Africa,Western Asia and Northern Africa,Northern Africa,,Africa,Northern Africa,,Lower middle income,Eastern and Southern Africa,Western Asia and Northern Africa,Africa,Western Asia and Northern Africa,Western Asia and Northern Africa,North Africa and Middle East,North Africa and Middle East,4,2,1,2,2,4,4
SEN,686,Senegal,Sub-Saharan Africa,West and Central Africa,Sub-Saharan Africa,,,Africa,Western Africa,,Lower middle income,West and Central Africa,Sub-Saharan Africa,Africa,Sub-Saharan Africa,Sub-Saharan Africa,Western Sub-Saharan Africa,Sub-Saharan Africa,2,8,2,2,2,2,2
SGP,702,Singapore,East Asia and Pacific,,Eastern Asia and South-eastern Asia,South-eastern Asia,South Eastern Asia and Oceania (excl. Australia and New Zealand),Asia,South-Eastern Asia,,High income,East Asia and Pacific,Eastern Asia and South-eastern Asia,Asia,"Eastern Asia, South Eastern Asia and Oceania (excl. Australia and New Zealand)",Eastern Asia and South-eastern Asia,High-income Asia Pacific,High income,7,7,4,1,4,6,7
SLB,90,Solomon Islands,East Asia and Pacific,,Oceania,Oceania excluding Australia and New Zealand,South Eastern Asia and Oceania (excl. Australia and New Zealand),Oceania,Melanesia,,Lower middle income,East Asia and Pacific,Oceania excluding Australia and New Zealand,Oceania,"Eastern Asia, South Eastern Asia and Oceania (excl. Australia and New Zealand)",Oceania,Oceania,"Southeast Asia, East Asia, Oceania",8,7,7,5,2,6,6
SLE,694,Sierra Leone,Sub-Saharan Africa,West and Central Africa,Sub-Saharan Africa,,,Africa,Western Africa,,Low income,West and Central Africa,Sub-Saharan Africa,Africa,Sub-Saharan Africa,Sub-Saharan Africa,Western Sub-Saharan Africa,Sub-Saharan Africa,2,8,2,2,1,2,2
SLV,222,El Salvador,Latin America and Caribbean,,Latin America and the Caribbean,,,Americas,Latin America and the Caribbean,Central America,Lower middle income,Latin America and Caribbean,Latin America and the Caribbean,Latin America and the Caribbean,Latin America and the Caribbean,Latin America and the Caribbean,Central Latin America,Latin America & Caribbean,5,6,5,4,2,5,5
SMR,674,San Marino,Europe and Central Asia,Western Europe,Northern America and Europe,Europe,"North America, Europe, Australia and New Zealand",Europe,Southern Europe,,High income,Western Europe,Northern America and Europe,Europe,"Northern America, Australia and New Zealand, Central Asia and Europe","Northern America, Central Asia and Europe",Western Europe,High income,3,4,4,3,4,3,3
SOM,706,Somalia,Sub-Saharan Africa,Eastern and Southern Africa,Sub-Saharan Africa,,,Africa,Eastern Africa,,Low income,Eastern and Southern Africa,Sub-Saharan Africa,Africa,Sub-Saharan Africa,Sub-Saharan Africa,Eastern Sub-Saharan Africa,Sub-Saharan Africa,2,2,2,2,1,2,2
SRB,688,Serbia,Europe and Central Asia,Eastern Europe and Central Asia,Northern America and Europe,Europe,"North America, Europe, Australia and New Zealand",Europe,Southern Europe,,Upper middle income,Eastern Europe and Central Asia,Northern America and Europe,Europe,"Northern America, Australia and New Zealand, Central Asia and Europe","Northern America, Central Asia and Europe",Central Europe,"Central Europe, Eastern Europe,Central Asia",3,3,3,3,3,3,3
SSD,728,South Sudan,Sub-Saharan Africa,Eastern and Southern Africa,Sub-Saharan Africa,,,Africa,Eastern Africa,,Low income,Eastern and Southern Africa,Sub-Saharan Africa,Africa,Sub-Saharan Africa,Sub-Saharan Africa,Eastern Sub-Saharan Africa,Sub-Saharan Africa,2,2,2,2,1,2,2
STP,678,Sao Tome and Principe,Sub-Saharan Africa,West and Central Africa,Sub-Saharan Africa,,,Africa,Middle Africa,,Lower middle income,West and Central Africa,Sub-Saharan Africa,Africa,Sub-Saharan Africa,Sub-Saharan Africa,Western Sub-Saharan Africa,Sub-Saharan Africa,2,8,2,2,2,2,2
SUR,740,Suriname,Latin America and Caribbean,,Latin America and the Caribbean,,,Americas,Latin America and the Caribbean,South America,Upper middle income,Latin America and Caribbean,Latin America and the Caribbean,Latin America and the Caribbean,Latin America and the Caribbean,Latin America and the Caribbean,Caribbean,Latin America & Caribbean,5,6,5,4,3,5,5
SVK,703,Slovakia,Europe and Central Asia,Western Europe,Northern America and Europe,Europe,"North America, Europe, Australia and New Zealand",Europe,Eastern Europe,,High income,Western Europe,Northern America and Europe,Europe,"Northern America, Australia and New Zealand, Central Asia and Europe","Northern America, Central Asia and Europe",Central Europe,"Central Europe, Eastern Europe,Central Asia",3,4,3,3,4,3,3
SVN,705,Slovenia,Europe and Central Asia,Western Europe,Northern America and Europe,Europe,"North America, Europe, Australia and New Zealand",Europe,Southern Europe,,High income,Western Europe,Northern America and Europe,Europe,"Northern America, Australia and New Zealand, Central Asia and Europe","Northern America, Central Asia and Europe",Central Europe,"Central Europe, Eastern Europe,Central Asia",3,4,3,3,4,3,3
SWE,752,Sweden,Europe and Central Asia,Western Europe,Northern America and Europe,Europe,"North America, Europe, Australia and New Zealand",Europe,Northern Europe,,High income,Western Europe,Northern America and Europe,Europe,"Northern America, Australia and New Zealand, Central Asia and Europe","Northern America, Central Asia and Europe",Western Europe,High income,3,4,4,3,4,3,3
SWZ,748,Eswatini,Sub-Saharan Africa,Eastern and Southern Africa,Sub-Saharan Africa,,,Africa,Southern Africa,,Lower middle income,Eastern and Southern Africa,Sub-Saharan Africa,Africa,Sub-Saharan Africa,Sub-Saharan Africa,Southern Sub-Saharan Africa,Sub-Saharan Africa,2,2,2,2,2,2,2
SYC,690,Seychelles,Sub-Saharan Africa,Eastern and Southern Africa,Sub-Saharan Africa,,,Africa,Eastern Africa,,High income,Eastern and Southern Africa,Sub-Saharan Africa,Africa,Sub-Saharan Africa,Sub-Saharan Africa,Southeast Asia,"Southeast Asia, East Asia, Oceania",2,2,7,2,4,2,2
SYR,760,Syrian Arab Republic,Middle East and North Africa,,Western Asia and Northern Africa,Western Asia,,Asia,Western Asia,,Low income,Middle East and North Africa,Western Asia and Northern Africa,Asia,Western Asia and Northern Africa,Western Asia and Northern Africa,North Africa and Middle East,North Africa and Middle East,4,5,1,1,1,4,4
TCD,148,Chad,Sub-Saharan Africa,West and Central Africa,Sub-Saharan Africa,,,Africa,Middle Africa,,Low income,West and Central Africa,Sub-Saharan Africa,Africa,Sub-Saharan Africa,Sub-Saharan Africa,Western Sub-Saharan Africa,Sub-Saharan Africa,2,8,2,2,1,2,2
TGO,768,Togo,Sub-Saharan Africa,West and Central Africa,Sub-Saharan Africa,,,Africa,Western Africa,,Low income,West and Central Africa,Sub-Saharan Africa,Africa,Sub-Saharan Africa,Sub-Saharan Africa,Western Sub-Saharan Africa,Sub-Saharan Africa,2,8,2,2,1,2,2
THA,764,Thailand,East Asia and Pacific,,Eastern Asia and South-eastern Asia,South-eastern Asia,South Eastern Asia and Oceania (excl. Australia and New Zealand),Asia,South-Eastern Asia,,Upper middle income,East Asia and Pacific,Eastern Asia and South-eastern Asia,Asia,"Eastern Asia, South Eastern Asia and Oceania (excl. Australia and New Zealand)",Eastern Asia and South-eastern Asia,Southeast Asia,"Southeast Asia, East Asia, Oceania",7,7,7,1,3,6,7
TJK,762,Tajikistan,Europe and Central Asia,Eastern Europe and Central Asia,Central Asia and Southern Asia,Central Asia,,Asia,Central Asia,,Low income,Eastern Europe and Central Asia,Central Asia and Southern Asia,Asia,"Northern America, Australia and New Zealand, Central Asia and Europe","Northern America, Central Asia and Europe",Central Asia,"Central Europe, Eastern Europe,Central Asia",1,3,3,1,1,3,3
TKM,795,Turkmenistan,Europe and Central Asia,Eastern Europe and Central Asia,Central Asia and Southern Asia,Central Asia,,Asia,Central Asia,,Upper middle income,Eastern Europe and Central Asia,Central Asia and Southern Asia,Asia,"Northern America, Australia and New Zealand, Central Asia and Europe","Northern America, Central Asia and Europe",Central Asia,"Central Europe, Eastern Europe,Central Asia",1,3,3,1,3,3,3
TLS,626,Timor-Leste,East Asia and Pacific,,Eastern Asia and South-eastern Asia,South-eastern Asia,South Eastern Asia and Oceania (excl. Australia and New Zealand),Asia,South-Eastern Asia,,Lower middle income,East Asia and Pacific,Eastern Asia and South-eastern Asia,Asia,"Eastern Asia, South Eastern Asia and Oceania (excl. Australia and New Zealand)",Eastern Asia and South-eastern Asia,Southeast Asia,"Southeast Asia, East Asia, Oceania",7,7,7,1,2,6,7
TON,776,Tonga,East Asia and Pacific,,Oceania,Oceania excluding Australia and New Zealand,South Eastern Asia and Oceania (excl. Australia and New Zealand),Oceania,Polynesia,,Upper middle income,East Asia and Pacific,Oceania excluding Australia and New Zealand,Oceania,"Eastern Asia, South Eastern Asia and Oceania (excl. Australia and New Zealand)",Oceania,Oceania,"Southeast Asia, East Asia, Oceania",8,7,7,5,3,6,6
TTO,780,Trinidad and Tobago,Latin America and Caribbean,,Latin America and the Caribbean,,,Americas,Latin America and the Caribbean,Caribbean,High income,Latin America and Caribbean,Latin America and the Caribbean,Latin America and the Caribbean,Latin America and the Caribbean,Latin America and the Caribbean,Caribbean,Latin America & Caribbean,5,6,5,4,4,5,5
TUN,788,Tunisia,Middle East and North Africa,,Western Asia and Northern Africa,Northern Africa,,Africa,Northern Africa,,Lower middle income,Middle East and North Africa,Western Asia and Northern Africa,Africa,Western Asia and Northern Africa,Western Asia and Northern Africa,North Africa and Middle East,North Africa and Middle East,4,5,1,2,2,4,4
TUR,792,Turkey,Europe and Central Asia,Eastern Europe and Central Asia,Western Asia and Northern Africa,Western Asia,,Asia,Western Asia,,Upper middle income,Eastern Europe and Central Asia,Western Asia and Northern Africa,Asia,Western Asia and Northern Africa,Western Asia and Northern Africa,North Africa and Middle East,North Africa and Middle East,4,3,1,1,3,4,4
TUV,798,Tuvalu,East Asia and Pacific,,Oceania,Oceania excluding Australia and New Zealand,South Eastern Asia and Oceania (excl. Australia and New Zealand),Oceania,Polynesia,,Upper middle income,East Asia and Pacific,Oceania excluding Australia and New Zealand,Oceania,"Eastern Asia, South Eastern Asia and Oceania (excl. Australia and New Zealand)",Oceania,Oceania,"Southeast Asia, East Asia, Oceania",8,7,7,5,3,6,6
TZA,834,United Republic of Tanzania,Sub-Saharan Africa,Eastern and Southern Africa,Sub-Saharan Africa,,,Africa,Eastern Africa,,Low income,Eastern and Southern Africa,Sub-Saharan Africa,Africa,Sub-Saharan Africa,Sub-Saharan Africa,Eastern Sub-Saharan Africa,Sub-Saharan Africa,2,2,2,2,1,2,2
UGA,800,Uganda,Sub-Saharan Africa,Eastern and Southern Africa,Sub-Saharan Africa,,,Africa,Eastern Africa,,Low income,Eastern and Southern Africa,Sub-Saharan Africa,Africa,Sub-Saharan Africa,Sub-Saharan Africa,Eastern Sub-Saharan Africa,Sub-Saharan Africa,2,2,2,2,1,2,2
UKR,804,Ukraine,Europe and Central Asia,Eastern Europe and Central Asia,Northern America and Europe,Europe,"North America, Europe, Australia and New Zealand",Europe,Eastern Europe,,Lower middle income,Eastern Europe and Central Asia,Northern America and Europe,Europe,"Northern America, Australia and New Zealand, Central Asia and Europe","Northern America, Central Asia and Europe",Eastern Europe,"Central Europe, Eastern Europe,Central Asia",3,3,3,3,2,3,3
URY,858,Uruguay,Latin America and Caribbean,,Latin America and the Caribbean,,,Americas,Latin America and the Caribbean,South America,High income,Latin America and Caribbean,Latin America and the Caribbean,Latin America and the Caribbean,Latin America and the Caribbean,Latin America and the Caribbean,Southern Latin America,High income,5,6,4,4,4,5,5
USA,840,United States of America,North America,,Northern America and Europe,Northern America,"North America, Europe, Australia and New Zealand",Americas,Northern America,,High income,North America,Northern America and Europe,Northern America,"Northern America, Australia and New Zealand, Central Asia and Europe","Northern America, Central Asia and Europe",High-income North America,High income,3,9,4,6,4,3,3
UZB,860,Uzbekistan,Europe and Central Asia,Eastern Europe and Central Asia,Central Asia and Southern Asia,Central Asia,,Asia,Central Asia,,Lower middle income,Eastern Europe and Central Asia,Central Asia and Southern Asia,Asia,"Northern America, Australia and New Zealand, Central Asia and Europe","Northern America, Central Asia and Europe",Central Asia,"Central Europe, Eastern Europe,Central Asia",1,3,3,1,2,3,3
VCT,670,Saint Vincent and the Grenadines,Latin America and Caribbean,,Latin America and the Caribbean,,,Americas,Latin America and the Caribbean,Caribbean,Upper middle income,Latin America and Caribbean,Latin America and the Caribbean,Latin America and the Caribbean,Latin America and the Caribbean,Latin America and the Caribbean,Caribbean,Latin America & Caribbean,5,6,5,4,3,5,5
VEN,862,Venezuela (Bolivarian Republic of),Latin America and Caribbean,,Latin America and the Caribbean,,,Americas,Latin America and the Caribbean,South America,Upper middle income,Latin America and Caribbean,Latin America and the Caribbean,Latin America and the Caribbean,Latin America and the Caribbean,Latin America and the Caribbean,Central Latin America,Latin America & Caribbean,5,6,5,4,3,5,5
VNM,704,Viet Nam,East Asia and Pacific,,Eastern Asia and South-eastern Asia,South-eastern Asia,South Eastern Asia and Oceania (excl. Australia and New Zealand),Asia,South-Eastern Asia,,Lower middle income,East Asia and Pacific,Eastern Asia and South-eastern Asia,Asia,"Eastern Asia, South Eastern Asia and Oceania (excl. Australia and New Zealand)",Eastern Asia and South-eastern Asia,Southeast Asia,"Southeast Asia, East Asia, Oceania",7,7,7,1,2,6,7
VUT,548,Vanuatu,East Asia and Pacific,,Oceania,Oceania excluding Australia and New Zealand,South Eastern Asia and Oceania (excl. Australia and New Zealand),Oceania,Melanesia,,Lower middle income,East Asia and Pacific,Oceania excluding Australia and New Zealand,Oceania,"Eastern Asia, South Eastern Asia and Oceania (excl. Australia and New Zealand)",Oceania,Oceania,"Southeast Asia, East Asia, Oceania",8,7,7,5,2,6,6
WSM,882,Samoa,East Asia and Pacific,,Oceania,Oceania excluding Australia and New Zealand,South Eastern Asia and Oceania (excl. Australia and New Zealand),Oceania,Polynesia,,Upper middle income,East Asia and Pacific,Oceania excluding Australia and New Zealand,Oceania,"Eastern Asia, South Eastern Asia and Oceania (excl. Australia and New Zealand)",Oceania,Oceania,"Southeast Asia, East Asia, Oceania",8,7,7,5,3,6,6
YEM,887,Yemen,Middle East and North Africa,,Western Asia and Northern Africa,Western Asia,,Asia,Western Asia,,Low income,Middle East and North Africa,Western Asia and Northern Africa,Asia,Western Asia and Northern Africa,Western Asia and Northern Africa,North Africa and Middle East,North Africa and Middle East,4,5,1,1,1,4,4
ZAF,710,South Africa,Sub-Saharan Africa,Eastern and Southern Africa,Sub-Saharan Africa,,,Africa,Southern Africa,,Upper middle income,Eastern and Southern Africa,Sub-Saharan Africa,Africa,Sub-Saharan Africa,Sub-Saharan Africa,Southern Sub-Saharan Africa,Sub-Saharan Africa,2,2,2,2,3,2,2
ZMB,894,Zambia,Sub-Saharan Africa,Eastern and Southern Africa,Sub-Saharan Africa,,,Africa,Eastern Africa,,Lower middle income,Eastern and Southern Africa,Sub-Saharan Africa,Africa,Sub-Saharan Africa,Sub-Saharan Africa,Eastern Sub-Saharan Africa,Sub-Saharan Africa,2,2,2,2,2,2,2
ZWE,716,Zimbabwe,Sub-Saharan Africa,Eastern and Southern Africa,Sub-Saharan Africa,,,Africa,Eastern Africa,,Lower middle income,Eastern and Southern Africa,Sub-Saharan Africa,Africa,Sub-Saharan Africa,Sub-Saharan Africa,Southern Sub-Saharan Africa,Sub-Saharan Africa,2,2,2,2,2,2,2
